id;user_id;store;token;pay_gate_id;pay_gate_secret
1;953;knowledge Assurance embrace;copy architectures;Bike;database RSS clear-thinking
2;644;Ball Eritrea Intelligent;Bike Research;Borders SCSI;Practical Cotton Money
3;34594;Towels;hack;Central sensor Alabama;e-services
4;7247;payment wireless Jewelery;Chips Tasty;multi-byte;Loan
5;9049;connect Home;reinvent;sky;Web
6;6510;transparent;Account;Frozen Triple-buffered;Handmade
7;78981;Small;Pants Product;Markets Guinea Berkshire;Loan needs-based Chips
8;29832;Tools deposit Universal;Vista;auxiliary;JSON Handmade Dynamic
9;65494;Leone violet Music;Fresh Loan Oman;invoice clear-thinking;synergy blue alliance
10;4019;Beauty Markets Handcrafted;virtual;Soft TCP;Electronics
